Customer_ID,Month,Amount_Spent,Previous_Spend,Percent_Change,Behaviour_Changed
C001,Jan,2000,,,No
C001,Feb,2100,2000.0,5.0,No
C001,Mar,1000,2100.0,-52.38095238095239,Yes
C002,Jan,1500,,,No
C002,Feb,1600,1500.0,6.666666666666667,No
C002,Mar,5000,1600.0,212.5,Yes
C003,Jan,3000,,,No
C003,Feb,3100,3000.0,3.3333333333333335,No
C003,Mar,3050,3100.0,-1.6129032258064515,No
